{"slope": -0.5612108216838159, "intercept": 7.269396496071906, "r": -0.999996183417752, "x": [0.4971006352125329, -4.8954114802240944, 5.808100994534858], "y": [7.0, 10.012, 4.005], "stderr": 0.0015505279195905072, "p": 0.0017588652633259557}