{"slope": -0.5596127798543693, "intercept": 7.27197162343503, "r": -0.9999904337957242, "x": [0.45889199953395376, 5.851404114970581, -4.8826752683312336], "y": [7.0, 4.005, 10.012], "stderr": 0.002447797928509936, "p": 0.002784615859397602}