{"slope": -0.5639013092656892, "intercept": 7.2826307813044675, "r": -0.9999981758930648, "x": [0.48945890807681636, 5.818289964049146, -4.834277663138369], "y": [7.0, 4.005, 10.012], "stderr": 0.0010770697834159982, "p": 0.0012159629269022267}