{"slope": -0.5618857348047077, "intercept": 7.287842940666167, "r": -0.9999999077570876, "x": [0.5149313318625346, -4.849561117409799, 5.841215145456292], "y": [7.0, 10.012, 4.005], "stderr": 0.00024134012730691654, "p": 0.0002734397368729977}