{"slope": -0.5614831975422371, "intercept": 7.275722173453718, "r": -0.999996263629211, "x": [-4.864844571681232, 5.833573418320579, 0.47417545380538684], "y": [10.012, 4.005, 7.0], "stderr": 0.0015348924978161131, "p": 0.001740284451727495}