{"slope": -0.559752682659247, "intercept": 7.281543704520517, "r": -0.9999995499677881, "x": [5.8564985997277255, 0.4971006352125329, -4.875033541195517], "y": [4.005, 7.0, 10.012], "stderr": 0.0005310472060339411, "p": 0.0006039721835387639}