{"slope": -0.5640312073618164, "intercept": 7.268327339730425, "r": -0.999992074128366, "x": [-4.852108359788371, 5.797912025020569, 0.4512502723982408], "y": [10.012, 4.005, 7.0], "stderr": 0.00224566117406023, "p": 0.002534655410394731}