{"slope": -0.5643043427077633, "intercept": 7.268933674645997, "r": -0.9999991969356374, "x": [0.484364423319672, -4.864844571681232, 5.780081328370567], "y": [7.0, 10.012, 4.005], "stderr": 0.0007151610095000018, "p": 0.0008068082431238058}