{"slope": -0.5606800772576365, "intercept": 7.2796204623770775, "r": -0.9999936786076918, "x": [0.476722696183959, 5.851404114970581, -4.86229732930266], "y": [7.0, 4.005, 10.012], "stderr": 0.001993602424707252, "p": 0.002263610612681876}