{"slope": -0.5614574185444369, "intercept": 7.26720446413913, "r": -0.9999933381703603, "x": [-4.875033541195517, 0.4487030300196686, 5.813195479292002, 5.820837206427715], "y": [10.012, 7.0, 4.005, 4.005], "stderr": 0.001449158056761264, "p": 6.661829639709193e-06}