{"slope": -6.131367877777837, "intercept": 16.227460558434515, "r": -0.9997785385778973, "x": [1.4930724052341269, 1.0218325651983342, 1.99997363856993], "y": [7.0, 10.0, 4.0], "stderr": 0.1290605638705836, "p": 0.013398376524472295}