{"slope": -6.149974613733372, "intercept": 16.276350244435175, "r": -0.9999897744412155, "x": [1.5058086171269913, 1.0218325651983342, 1.9974263961913543], "y": [7.0, 10.0, 4.0], "stderr": 0.0278121892853145, "p": 0.0028789824385419987}