{"slope": -0.615703483837059, "intercept": 6.464649382902926, "r": -0.9876842959965143, "x": [-1.740491922545453, 4.312279934103486, -5.211129665374756], "y": [7.0, 4.005, 10.014], "stderr": 0.09753416872221722, "p": 0.10001645840209186}