{"slope": -0.49605328477358923, "intercept": 6.164744254849857, "r": -0.9999990325210371, "x": [-1.6935278103592672, -7.750870186603148, 4.358720081127469], "y": [7.0, 10.012, 4.005], "stderr": 0.0006900243361822747, "p": 0.0008855557779421616}