{"slope": -6.15008641417537, "intercept": 16.344403842519917, "r": -0.9999988638113109, "x": [2.007615365705643, 1.032021534712623, 1.5185448290198487], "y": [4.0, 10.0, 7.0], "stderr": 0.009270898294352282, "p": 0.0009596666280479937}