{"slope": -0.49469887078767116, "intercept": 6.243487446932541, "r": -0.9999962900686918, "x": [-1.5483349947806708, 4.534479805248932, -7.608224613403124], "y": [7.0, 4.005, 10.012], "stderr": 0.0013475350167631885, "p": 0.0017341161755745353}