{"slope": -0.501506550360682, "intercept": 6.1958234995410075, "r": -0.9999972831149145, "x": [-7.613319098160268, -1.6196577813806812, 4.376550777777471], "y": [10.018, 7.0, 4.005], "stderr": 0.001169036651982055, "p": 0.001483989588451921}