{"slope": -6.134084503085374, "intercept": 16.236757302931082, "r": -1.0, "x": [1.0167380804411899, 1.5058086171269913, 1.9948791538127857], "y": [10.0, 7.0, 4.0], "stderr": 0.0, "p": 9.003163161571059e-11}