{"slope": -6.149415672489316, "intercept": 16.27028581139978, "r": -0.9999443313081996, "x": [1.5134503442627043, 1.0167380804411899, 1.992331911434217], "y": [7.0, 10.0, 4.0], "stderr": 0.06488921033179036, "p": 0.006717422171196596}